run,dataset,calibration,selected_step,lower,upper,n,confidence,accuracy
seed-42,ag_news,uncalibrated,3600,0.0,0.06666666666666667,0,,
seed-42,ag_news,uncalibrated,3600,0.06666666666666667,0.13333333333333333,0,,
seed-42,ag_news,uncalibrated,3600,0.13333333333333333,0.2,0,,
seed-42,ag_news,uncalibrated,3600,0.2,0.26666666666666666,0,,
seed-42,ag_news,uncalibrated,3600,0.26666666666666666,0.3333333333333333,0,,
seed-42,ag_news,uncalibrated,3600,0.3333333333333333,0.4,0,,
seed-42,ag_news,uncalibrated,3600,0.4,0.4666666666666667,0,,
seed-42,ag_news,uncalibrated,3600,0.4666666666666667,0.5333333333333333,12,0.5172819449115224,0.4166666666666667
seed-42,ag_news,uncalibrated,3600,0.5333333333333333,0.6,30,0.5594567186878352,0.4666666666666667
seed-42,ag_news,uncalibrated,3600,0.6,0.6666666666666666,23,0.6394409351029661,0.5217391304347826
seed-42,ag_news,uncalibrated,3600,0.6666666666666666,0.7333333333333333,23,0.697055308718405,0.5217391304347826
seed-42,ag_news,uncalibrated,3600,0.7333333333333333,0.8,24,0.7659971599416765,0.5833333333333334
seed-42,ag_news,uncalibrated,3600,0.8,0.8666666666666667,46,0.8413793681978671,0.41304347826086957
seed-42,ag_news,uncalibrated,3600,0.8666666666666667,0.9333333333333333,68,0.9026935162932094,0.4411764705882353
seed-42,ag_news,uncalibrated,3600,0.9333333333333333,1.0,7374,0.999204930645876,0.9079197179278546
seed-42,aokvqa,uncalibrated,3600,0.0,0.06666666666666667,0,,
seed-42,aokvqa,uncalibrated,3600,0.06666666666666667,0.13333333333333333,0,,
seed-42,aokvqa,uncalibrated,3600,0.13333333333333333,0.2,0,,
seed-42,aokvqa,uncalibrated,3600,0.2,0.26666666666666666,0,,
seed-42,aokvqa,uncalibrated,3600,0.26666666666666666,0.3333333333333333,7,0.3175099014883535,0.14285714285714285
seed-42,aokvqa,uncalibrated,3600,0.3333333333333333,0.4,38,0.37031636796966927,0.3684210526315789
seed-42,aokvqa,uncalibrated,3600,0.4,0.4666666666666667,46,0.43235212575124743,0.5
seed-42,aokvqa,uncalibrated,3600,0.4666666666666667,0.5333333333333333,70,0.5007275562547678,0.38571428571428573
seed-42,aokvqa,uncalibrated,3600,0.5333333333333333,0.6,69,0.5641835329329957,0.5652173913043478
seed-42,aokvqa,uncalibrated,3600,0.6,0.6666666666666666,55,0.6354978363718519,0.509090909090909
seed-42,aokvqa,uncalibrated,3600,0.6666666666666666,0.7333333333333333,56,0.7034327674272137,0.7321428571428571
seed-42,aokvqa,uncalibrated,3600,0.7333333333333333,0.8,72,0.765812927434221,0.6944444444444444
seed-42,aokvqa,uncalibrated,3600,0.8,0.8666666666666667,79,0.8324579416732664,0.7468354430379747
seed-42,aokvqa,uncalibrated,3600,0.8666666666666667,0.9333333333333333,99,0.904482748562463,0.8585858585858586
seed-42,aokvqa,uncalibrated,3600,0.9333333333333333,1.0,547,0.9878953573073473,0.9542961608775137
seed-42,banking77,uncalibrated,3600,0.0,0.06666666666666667,2,0.05863291487099079,0.0
seed-42,banking77,uncalibrated,3600,0.06666666666666667,0.13333333333333333,32,0.1042222021228408,0.25
seed-42,banking77,uncalibrated,3600,0.13333333333333333,0.2,80,0.1681145663904638,0.2375
seed-42,banking77,uncalibrated,3600,0.2,0.26666666666666666,109,0.2336938189342347,0.29357798165137616
seed-42,banking77,uncalibrated,3600,0.26666666666666666,0.3333333333333333,111,0.30075256120693755,0.2882882882882883
seed-42,banking77,uncalibrated,3600,0.3333333333333333,0.4,134,0.36779603642444425,0.4253731343283582
seed-42,banking77,uncalibrated,3600,0.4,0.4666666666666667,142,0.43472163491483956,0.3732394366197183
seed-42,banking77,uncalibrated,3600,0.4666666666666667,0.5333333333333333,157,0.49681428682980916,0.4840764331210191
seed-42,banking77,uncalibrated,3600,0.5333333333333333,0.6,126,0.5648752505695868,0.5476190476190477
seed-42,banking77,uncalibrated,3600,0.6,0.6666666666666666,126,0.6331691337370113,0.5396825396825397
seed-42,banking77,uncalibrated,3600,0.6666666666666666,0.7333333333333333,124,0.7008056412168828,0.6048387096774194
seed-42,banking77,uncalibrated,3600,0.7333333333333333,0.8,125,0.7680517211151658,0.68
seed-42,banking77,uncalibrated,3600,0.8,0.8666666666666667,182,0.8350425136663406,0.7857142857142857
seed-42,banking77,uncalibrated,3600,0.8666666666666667,0.9333333333333333,233,0.9035428995310104,0.8111587982832618
seed-42,banking77,uncalibrated,3600,0.9333333333333333,1.0,1397,0.986046326341507,0.9599141016463851
seed-42,boolq,uncalibrated,3600,0.0,0.06666666666666667,0,,
seed-42,boolq,uncalibrated,3600,0.06666666666666667,0.13333333333333333,0,,
seed-42,boolq,uncalibrated,3600,0.13333333333333333,0.2,0,,
seed-42,boolq,uncalibrated,3600,0.2,0.26666666666666666,0,,
seed-42,boolq,uncalibrated,3600,0.26666666666666666,0.3333333333333333,0,,
seed-42,boolq,uncalibrated,3600,0.3333333333333333,0.4,0,,
seed-42,boolq,uncalibrated,3600,0.4,0.4666666666666667,0,,
seed-42,boolq,uncalibrated,3600,0.4666666666666667,0.5333333333333333,53,0.5163176610680507,0.5849056603773585
seed-42,boolq,uncalibrated,3600,0.5333333333333333,0.6,109,0.5687927270317159,0.48623853211009177
seed-42,boolq,uncalibrated,3600,0.6,0.6666666666666666,120,0.6352824615822646,0.5166666666666667
seed-42,boolq,uncalibrated,3600,0.6666666666666666,0.7333333333333333,145,0.7003188111220485,0.5862068965517241
seed-42,boolq,uncalibrated,3600,0.7333333333333333,0.8,163,0.7651068420043169,0.6503067484662577
seed-42,boolq,uncalibrated,3600,0.8,0.8666666666666667,184,0.8371851602022005,0.6956521739130435
seed-42,boolq,uncalibrated,3600,0.8666666666666667,0.9333333333333333,308,0.9025845536474502,0.7922077922077922
seed-42,boolq,uncalibrated,3600,0.9333333333333333,1.0,2188,0.9854289053324046,0.9159049360146252
seed-42,clevr_attribute,uncalibrated,3600,0.0,0.06666666666666667,0,,
seed-42,clevr_attribute,uncalibrated,3600,0.06666666666666667,0.13333333333333333,0,,
seed-42,clevr_attribute,uncalibrated,3600,0.13333333333333333,0.2,0,,
seed-42,clevr_attribute,uncalibrated,3600,0.2,0.26666666666666666,0,,
seed-42,clevr_attribute,uncalibrated,3600,0.26666666666666666,0.3333333333333333,0,,
seed-42,clevr_attribute,uncalibrated,3600,0.3333333333333333,0.4,0,,
seed-42,clevr_attribute,uncalibrated,3600,0.4,0.4666666666666667,0,,
seed-42,clevr_attribute,uncalibrated,3600,0.4666666666666667,0.5333333333333333,17,0.5155400523181753,0.4117647058823529
seed-42,clevr_attribute,uncalibrated,3600,0.5333333333333333,0.6,39,0.5685601599084882,0.6153846153846154
seed-42,clevr_attribute,uncalibrated,3600,0.6,0.6666666666666666,43,0.6309887541728826,0.5116279069767442
seed-42,clevr_attribute,uncalibrated,3600,0.6666666666666666,0.7333333333333333,36,0.7033888421066824,0.4722222222222222
seed-42,clevr_attribute,uncalibrated,3600,0.7333333333333333,0.8,55,0.7684101887934066,0.5272727272727272
seed-42,clevr_attribute,uncalibrated,3600,0.8,0.8666666666666667,72,0.8346407703813816,0.5
seed-42,clevr_attribute,uncalibrated,3600,0.8666666666666667,0.9333333333333333,114,0.9038135165547727,0.5350877192982456
seed-42,clevr_attribute,uncalibrated,3600,0.9333333333333333,1.0,53358,0.999810674929812,0.9868810675062784
seed-42,clevr_count,uncalibrated,3600,0.0,0.06666666666666667,0,,
seed-42,clevr_count,uncalibrated,3600,0.06666666666666667,0.13333333333333333,0,,
seed-42,clevr_count,uncalibrated,3600,0.13333333333333333,0.2,0,,
seed-42,clevr_count,uncalibrated,3600,0.2,0.26666666666666666,11,0.25537466092562605,0.36363636363636365
seed-42,clevr_count,uncalibrated,3600,0.26666666666666666,0.3333333333333333,92,0.31111256432366247,0.30434782608695654
seed-42,clevr_count,uncalibrated,3600,0.3333333333333333,0.4,419,0.3738449999907896,0.3341288782816229
seed-42,clevr_count,uncalibrated,3600,0.4,0.4666666666666667,780,0.43598883036605074,0.38461538461538464
seed-42,clevr_count,uncalibrated,3600,0.4666666666666667,0.5333333333333333,1458,0.5014497239572316,0.4547325102880658
seed-42,clevr_count,uncalibrated,3600,0.5333333333333333,0.6,1606,0.5665506725434204,0.50186799501868
seed-42,clevr_count,uncalibrated,3600,0.6,0.6666666666666666,1559,0.6335734599961904,0.5561257216164208
seed-42,clevr_count,uncalibrated,3600,0.6666666666666666,0.7333333333333333,1500,0.7010595442520752,0.636
seed-42,clevr_count,uncalibrated,3600,0.7333333333333333,0.8,1512,0.766893242866049,0.6335978835978836
seed-42,clevr_count,uncalibrated,3600,0.8,0.8666666666666667,1712,0.8340891816358139,0.7137850467289719
seed-42,clevr_count,uncalibrated,3600,0.8666666666666667,0.9333333333333333,2545,0.9023731813215377,0.7933202357563851
seed-42,clevr_count,uncalibrated,3600,0.9333333333333333,1.0,22228,0.9896847115636239,0.9725571351448623
seed-42,clevr_exist,uncalibrated,3600,0.0,0.06666666666666667,0,,
seed-42,clevr_exist,uncalibrated,3600,0.06666666666666667,0.13333333333333333,0,,
seed-42,clevr_exist,uncalibrated,3600,0.13333333333333333,0.2,0,,
seed-42,clevr_exist,uncalibrated,3600,0.2,0.26666666666666666,0,,
seed-42,clevr_exist,uncalibrated,3600,0.26666666666666666,0.3333333333333333,0,,
seed-42,clevr_exist,uncalibrated,3600,0.3333333333333333,0.4,0,,
seed-42,clevr_exist,uncalibrated,3600,0.4,0.4666666666666667,0,,
seed-42,clevr_exist,uncalibrated,3600,0.4666666666666667,0.5333333333333333,8,0.5180020625005352,0.375
seed-42,clevr_exist,uncalibrated,3600,0.5333333333333333,0.6,13,0.5663388901705151,0.5384615384615384
seed-42,clevr_exist,uncalibrated,3600,0.6,0.6666666666666666,9,0.6258279608075042,0.7777777777777778
seed-42,clevr_exist,uncalibrated,3600,0.6666666666666666,0.7333333333333333,22,0.6965192527361946,0.2727272727272727
seed-42,clevr_exist,uncalibrated,3600,0.7333333333333333,0.8,12,0.7677412616997424,0.4166666666666667
seed-42,clevr_exist,uncalibrated,3600,0.8,0.8666666666666667,21,0.8354273482973666,0.47619047619047616
seed-42,clevr_exist,uncalibrated,3600,0.8666666666666667,0.9333333333333333,42,0.9020134933345985,0.47619047619047616
seed-42,clevr_exist,uncalibrated,3600,0.9333333333333333,1.0,20069,0.9998386168296871,0.9772285614629528
seed-42,contract_nli,uncalibrated,3600,0.0,0.06666666666666667,0,,
seed-42,contract_nli,uncalibrated,3600,0.06666666666666667,0.13333333333333333,0,,
seed-42,contract_nli,uncalibrated,3600,0.13333333333333333,0.2,0,,
seed-42,contract_nli,uncalibrated,3600,0.2,0.26666666666666666,0,,
seed-42,contract_nli,uncalibrated,3600,0.26666666666666666,0.3333333333333333,0,,
seed-42,contract_nli,uncalibrated,3600,0.3333333333333333,0.4,6,0.3838283651117685,0.16666666666666666
seed-42,contract_nli,uncalibrated,3600,0.4,0.4666666666666667,13,0.44379555770348306,0.3076923076923077
seed-42,contract_nli,uncalibrated,3600,0.4666666666666667,0.5333333333333333,41,0.5005898960342225,0.5853658536585366
seed-42,contract_nli,uncalibrated,3600,0.5333333333333333,0.6,52,0.5664885420314321,0.5961538461538461
seed-42,contract_nli,uncalibrated,3600,0.6,0.6666666666666666,39,0.6305765456472814,0.5641025641025641
seed-42,contract_nli,uncalibrated,3600,0.6666666666666666,0.7333333333333333,61,0.7024518258754084,0.7049180327868853
seed-42,contract_nli,uncalibrated,3600,0.7333333333333333,0.8,76,0.7669677921141008,0.631578947368421
seed-42,contract_nli,uncalibrated,3600,0.8,0.8666666666666667,90,0.8393717275965167,0.6555555555555556
seed-42,contract_nli,uncalibrated,3600,0.8666666666666667,0.9333333333333333,138,0.9034531148237139,0.7391304347826086
seed-42,contract_nli,uncalibrated,3600,0.9333333333333333,1.0,657,0.9846198956379225,0.9467275494672754
seed-42,emotion,uncalibrated,3600,0.0,0.06666666666666667,0,,
seed-42,emotion,uncalibrated,3600,0.06666666666666667,0.13333333333333333,0,,
seed-42,emotion,uncalibrated,3600,0.13333333333333333,0.2,0,,
seed-42,emotion,uncalibrated,3600,0.2,0.26666666666666666,2,0.2509935230824298,0.5
seed-42,emotion,uncalibrated,3600,0.26666666666666666,0.3333333333333333,8,0.31469648993705507,0.625
seed-42,emotion,uncalibrated,3600,0.3333333333333333,0.4,28,0.3763781599139226,0.42857142857142855
seed-42,emotion,uncalibrated,3600,0.4,0.4666666666666667,48,0.43529999512332457,0.3541666666666667
seed-42,emotion,uncalibrated,3600,0.4666666666666667,0.5333333333333333,83,0.5021961609001702,0.4939759036144578
seed-42,emotion,uncalibrated,3600,0.5333333333333333,0.6,122,0.5650478871778726,0.48360655737704916
seed-42,emotion,uncalibrated,3600,0.6,0.6666666666666666,106,0.6323632771040985,0.6037735849056604
seed-42,emotion,uncalibrated,3600,0.6666666666666666,0.7333333333333333,116,0.7000847546816975,0.5344827586206896
seed-42,emotion,uncalibrated,3600,0.7333333333333333,0.8,116,0.7677933606473748,0.646551724137931
seed-42,emotion,uncalibrated,3600,0.8,0.8666666666666667,137,0.833139040482785,0.7007299270072993
seed-42,emotion,uncalibrated,3600,0.8666666666666667,0.9333333333333333,225,0.903344281361679,0.7333333333333333
seed-42,emotion,uncalibrated,3600,0.9333333333333333,1.0,1009,0.9803552974982401,0.9236868186323092
seed-42,esci_es,uncalibrated,3600,0.0,0.06666666666666667,0,,
seed-42,esci_es,uncalibrated,3600,0.06666666666666667,0.13333333333333333,0,,
seed-42,esci_es,uncalibrated,3600,0.13333333333333333,0.2,0,,
seed-42,esci_es,uncalibrated,3600,0.2,0.26666666666666666,0,,
seed-42,esci_es,uncalibrated,3600,0.26666666666666666,0.3333333333333333,49,0.3163353326990847,0.24489795918367346
seed-42,esci_es,uncalibrated,3600,0.3333333333333333,0.4,170,0.3713408718134452,0.37058823529411766
seed-42,esci_es,uncalibrated,3600,0.4,0.4666666666666667,236,0.4354293012288877,0.4449152542372881
seed-42,esci_es,uncalibrated,3600,0.4666666666666667,0.5333333333333333,280,0.49941997113089637,0.525
seed-42,esci_es,uncalibrated,3600,0.5333333333333333,0.6,235,0.5648642921915089,0.574468085106383
seed-42,esci_es,uncalibrated,3600,0.6,0.6666666666666666,164,0.6320654762774015,0.6646341463414634
seed-42,esci_es,uncalibrated,3600,0.6666666666666666,0.7333333333333333,128,0.6973367917568672,0.6484375
seed-42,esci_es,uncalibrated,3600,0.7333333333333333,0.8,100,0.7675856958439133,0.72
seed-42,esci_es,uncalibrated,3600,0.8,0.8666666666666667,76,0.832088456876888,0.8289473684210527
seed-42,esci_es,uncalibrated,3600,0.8666666666666667,0.9333333333333333,39,0.898342345773942,0.9487179487179487
seed-42,esci_es,uncalibrated,3600,0.9333333333333333,1.0,5,0.9558780325731785,1.0
seed-42,esci_jp,uncalibrated,3600,0.0,0.06666666666666667,0,,
seed-42,esci_jp,uncalibrated,3600,0.06666666666666667,0.13333333333333333,0,,
seed-42,esci_jp,uncalibrated,3600,0.13333333333333333,0.2,0,,
seed-42,esci_jp,uncalibrated,3600,0.2,0.26666666666666666,0,,
seed-42,esci_jp,uncalibrated,3600,0.26666666666666666,0.3333333333333333,13,0.3243566099964182,0.38461538461538464
seed-42,esci_jp,uncalibrated,3600,0.3333333333333333,0.4,246,0.3709477422905394,0.43089430894308944
seed-42,esci_jp,uncalibrated,3600,0.4,0.4666666666666667,308,0.43452571719763045,0.4902597402597403
seed-42,esci_jp,uncalibrated,3600,0.4666666666666667,0.5333333333333333,230,0.4976222166943664,0.5652173913043478
seed-42,esci_jp,uncalibrated,3600,0.5333333333333333,0.6,190,0.5650719379381278,0.6578947368421053
seed-42,esci_jp,uncalibrated,3600,0.6,0.6666666666666666,193,0.6324763213492962,0.7357512953367875
seed-42,esci_jp,uncalibrated,3600,0.6666666666666666,0.7333333333333333,134,0.696956549282389,0.7014925373134329
seed-42,esci_jp,uncalibrated,3600,0.7333333333333333,0.8,130,0.7628763733581918,0.7
seed-42,esci_jp,uncalibrated,3600,0.8,0.8666666666666667,117,0.8337568879779147,0.7521367521367521
seed-42,esci_jp,uncalibrated,3600,0.8666666666666667,0.9333333333333333,68,0.8908788325196448,0.7941176470588235
seed-42,esci_jp,uncalibrated,3600,0.9333333333333333,1.0,4,0.9383162198419756,1.0
seed-42,esci_us,uncalibrated,3600,0.0,0.06666666666666667,0,,
seed-42,esci_us,uncalibrated,3600,0.06666666666666667,0.13333333333333333,0,,
seed-42,esci_us,uncalibrated,3600,0.13333333333333333,0.2,0,,
seed-42,esci_us,uncalibrated,3600,0.2,0.26666666666666666,0,,
seed-42,esci_us,uncalibrated,3600,0.26666666666666666,0.3333333333333333,17,0.3140666147630835,0.11764705882352941
seed-42,esci_us,uncalibrated,3600,0.3333333333333333,0.4,108,0.3726744169462762,0.3611111111111111
seed-42,esci_us,uncalibrated,3600,0.4,0.4666666666666667,193,0.43380262126392544,0.41450777202072536
seed-42,esci_us,uncalibrated,3600,0.4666666666666667,0.5333333333333333,217,0.4962977259755917,0.5023041474654378
seed-42,esci_us,uncalibrated,3600,0.5333333333333333,0.6,165,0.5651855228353294,0.4121212121212121
seed-42,esci_us,uncalibrated,3600,0.6,0.6666666666666666,122,0.6330752331296637,0.5491803278688525
seed-42,esci_us,uncalibrated,3600,0.6666666666666666,0.7333333333333333,116,0.7007808393900192,0.5948275862068966
seed-42,esci_us,uncalibrated,3600,0.7333333333333333,0.8,116,0.7638939027580847,0.75
seed-42,esci_us,uncalibrated,3600,0.8,0.8666666666666667,72,0.830269512982396,0.6805555555555556
seed-42,esci_us,uncalibrated,3600,0.8666666666666667,0.9333333333333333,18,0.8931586384319237,0.7222222222222222
seed-42,esci_us,uncalibrated,3600,0.9333333333333333,1.0,1,0.9423481654472098,1.0
seed-42,mail_phishing,uncalibrated,3600,0.0,0.06666666666666667,0,,
seed-42,mail_phishing,uncalibrated,3600,0.06666666666666667,0.13333333333333333,0,,
seed-42,mail_phishing,uncalibrated,3600,0.13333333333333333,0.2,0,,
seed-42,mail_phishing,uncalibrated,3600,0.2,0.26666666666666666,0,,
seed-42,mail_phishing,uncalibrated,3600,0.26666666666666666,0.3333333333333333,0,,
seed-42,mail_phishing,uncalibrated,3600,0.3333333333333333,0.4,0,,
seed-42,mail_phishing,uncalibrated,3600,0.4,0.4666666666666667,0,,
seed-42,mail_phishing,uncalibrated,3600,0.4666666666666667,0.5333333333333333,0,,
seed-42,mail_phishing,uncalibrated,3600,0.5333333333333333,0.6,0,,
seed-42,mail_phishing,uncalibrated,3600,0.6,0.6666666666666666,0,,
seed-42,mail_phishing,uncalibrated,3600,0.6666666666666666,0.7333333333333333,1,0.6874778784989997,0.0
seed-42,mail_phishing,uncalibrated,3600,0.7333333333333333,0.8,0,,
seed-42,mail_phishing,uncalibrated,3600,0.8,0.8666666666666667,0,,
seed-42,mail_phishing,uncalibrated,3600,0.8666666666666667,0.9333333333333333,0,,
seed-42,mail_phishing,uncalibrated,3600,0.9333333333333333,1.0,1049,0.9999115025335314,0.9933269780743565
seed-42,mail_spam,uncalibrated,3600,0.0,0.06666666666666667,0,,
seed-42,mail_spam,uncalibrated,3600,0.06666666666666667,0.13333333333333333,0,,
seed-42,mail_spam,uncalibrated,3600,0.13333333333333333,0.2,0,,
seed-42,mail_spam,uncalibrated,3600,0.2,0.26666666666666666,0,,
seed-42,mail_spam,uncalibrated,3600,0.26666666666666666,0.3333333333333333,0,,
seed-42,mail_spam,uncalibrated,3600,0.3333333333333333,0.4,0,,
seed-42,mail_spam,uncalibrated,3600,0.4,0.4666666666666667,0,,
seed-42,mail_spam,uncalibrated,3600,0.4666666666666667,0.5333333333333333,0,,
seed-42,mail_spam,uncalibrated,3600,0.5333333333333333,0.6,0,,
seed-42,mail_spam,uncalibrated,3600,0.6,0.6666666666666666,0,,
seed-42,mail_spam,uncalibrated,3600,0.6666666666666666,0.7333333333333333,1,0.7150083087585458,1.0
seed-42,mail_spam,uncalibrated,3600,0.7333333333333333,0.8,0,,
seed-42,mail_spam,uncalibrated,3600,0.8,0.8666666666666667,0,,
seed-42,mail_spam,uncalibrated,3600,0.8666666666666667,0.9333333333333333,3,0.8797900554072439,1.0
seed-42,mail_spam,uncalibrated,3600,0.9333333333333333,1.0,850,0.9998920176009514,0.9882352941176471
seed-42,massive_en-US,uncalibrated,3600,0.0,0.06666666666666667,0,,
seed-42,massive_en-US,uncalibrated,3600,0.06666666666666667,0.13333333333333333,36,0.10224069729963045,0.1111111111111111
seed-42,massive_en-US,uncalibrated,3600,0.13333333333333333,0.2,43,0.16762401081168715,0.3023255813953488
seed-42,massive_en-US,uncalibrated,3600,0.2,0.26666666666666666,37,0.23663040811707078,0.35135135135135137
seed-42,massive_en-US,uncalibrated,3600,0.26666666666666666,0.3333333333333333,70,0.29619697327798095,0.35714285714285715
seed-42,massive_en-US,uncalibrated,3600,0.3333333333333333,0.4,77,0.36933809697764347,0.44155844155844154
seed-42,massive_en-US,uncalibrated,3600,0.4,0.4666666666666667,90,0.4322198999588352,0.5444444444444444
seed-42,massive_en-US,uncalibrated,3600,0.4666666666666667,0.5333333333333333,117,0.5058461954767239,0.5213675213675214
seed-42,massive_en-US,uncalibrated,3600,0.5333333333333333,0.6,126,0.5652253651099931,0.5793650793650794
seed-42,massive_en-US,uncalibrated,3600,0.6,0.6666666666666666,124,0.6346825673843907,0.6451612903225806
seed-42,massive_en-US,uncalibrated,3600,0.6666666666666666,0.7333333333333333,113,0.7028628667606993,0.6371681415929203
seed-42,massive_en-US,uncalibrated,3600,0.7333333333333333,0.8,126,0.7663379005453708,0.6904761904761905
seed-42,massive_en-US,uncalibrated,3600,0.8,0.8666666666666667,160,0.8330825080027884,0.68125
seed-42,massive_en-US,uncalibrated,3600,0.8666666666666667,0.9333333333333333,242,0.9007955063894196,0.8388429752066116
seed-42,massive_en-US,uncalibrated,3600,0.9333333333333333,1.0,1609,0.9871057506571768,0.9502796768178993
seed-42,massive_zh-CN,uncalibrated,3600,0.0,0.06666666666666667,1,0.05890338893812021,0.0
seed-42,massive_zh-CN,uncalibrated,3600,0.06666666666666667,0.13333333333333333,25,0.10190409265145167,0.2
seed-42,massive_zh-CN,uncalibrated,3600,0.13333333333333333,0.2,41,0.16466956413221878,0.24390243902439024
seed-42,massive_zh-CN,uncalibrated,3600,0.2,0.26666666666666666,52,0.2343565224550453,0.34615384615384615
seed-42,massive_zh-CN,uncalibrated,3600,0.26666666666666666,0.3333333333333333,73,0.30044917320124986,0.3698630136986301
seed-42,massive_zh-CN,uncalibrated,3600,0.3333333333333333,0.4,94,0.36627244883164106,0.3723404255319149
seed-42,massive_zh-CN,uncalibrated,3600,0.4,0.4666666666666667,94,0.4338377597321718,0.4787234042553192
seed-42,massive_zh-CN,uncalibrated,3600,0.4666666666666667,0.5333333333333333,129,0.5035337205589718,0.4728682170542636
seed-42,massive_zh-CN,uncalibrated,3600,0.5333333333333333,0.6,131,0.5678371720746364,0.5114503816793893
seed-42,massive_zh-CN,uncalibrated,3600,0.6,0.6666666666666666,117,0.635056095376277,0.6324786324786325
seed-42,massive_zh-CN,uncalibrated,3600,0.6666666666666666,0.7333333333333333,126,0.7009047479220335,0.5873015873015873
seed-42,massive_zh-CN,uncalibrated,3600,0.7333333333333333,0.8,146,0.7656276415224947,0.589041095890411
seed-42,massive_zh-CN,uncalibrated,3600,0.8,0.8666666666666667,192,0.8351307838004534,0.7239583333333334
seed-42,massive_zh-CN,uncalibrated,3600,0.8666666666666667,0.9333333333333333,266,0.9018443338362104,0.8120300751879699
seed-42,massive_zh-CN,uncalibrated,3600,0.9333333333333333,1.0,1434,0.985996362715377,0.9414225941422594
seed-42,scienceqa,uncalibrated,3600,0.0,0.06666666666666667,0,,
seed-42,scienceqa,uncalibrated,3600,0.06666666666666667,0.13333333333333333,0,,
seed-42,scienceqa,uncalibrated,3600,0.13333333333333333,0.2,0,,
seed-42,scienceqa,uncalibrated,3600,0.2,0.26666666666666666,0,,
seed-42,scienceqa,uncalibrated,3600,0.26666666666666666,0.3333333333333333,2,0.30279254998720917,0.0
seed-42,scienceqa,uncalibrated,3600,0.3333333333333333,0.4,13,0.36837067064819856,0.23076923076923078
seed-42,scienceqa,uncalibrated,3600,0.4,0.4666666666666667,20,0.4366399600404164,0.5
seed-42,scienceqa,uncalibrated,3600,0.4666666666666667,0.5333333333333333,81,0.5062999973953208,0.5308641975308642
seed-42,scienceqa,uncalibrated,3600,0.5333333333333333,0.6,110,0.5680432611888101,0.5636363636363636
seed-42,scienceqa,uncalibrated,3600,0.6,0.6666666666666666,108,0.6322703533911868,0.5185185185185185
seed-42,scienceqa,uncalibrated,3600,0.6666666666666666,0.7333333333333333,87,0.7015443372077437,0.6091954022988506
seed-42,scienceqa,uncalibrated,3600,0.7333333333333333,0.8,106,0.7685518394962366,0.6698113207547169
seed-42,scienceqa,uncalibrated,3600,0.8,0.8666666666666667,119,0.8355625677173513,0.7563025210084033
seed-42,scienceqa,uncalibrated,3600,0.8666666666666667,0.9333333333333333,158,0.9000970975211035,0.8544303797468354
seed-42,scienceqa,uncalibrated,3600,0.9333333333333333,1.0,1213,0.990075158750353,0.9752679307502061
seed-42,screenqa_choice,uncalibrated,3600,0.0,0.06666666666666667,2,0.06384008476523748,0.0
seed-42,screenqa_choice,uncalibrated,3600,0.06666666666666667,0.13333333333333333,136,0.10760970033358246,0.11764705882352941
seed-42,screenqa_choice,uncalibrated,3600,0.13333333333333333,0.2,258,0.16648239086140248,0.1511627906976744
seed-42,screenqa_choice,uncalibrated,3600,0.2,0.26666666666666666,201,0.23098450290712977,0.20398009950248755
seed-42,screenqa_choice,uncalibrated,3600,0.26666666666666666,0.3333333333333333,113,0.2986604987039836,0.336283185840708
seed-42,screenqa_choice,uncalibrated,3600,0.3333333333333333,0.4,75,0.3615795233215274,0.38666666666666666
seed-42,screenqa_choice,uncalibrated,3600,0.4,0.4666666666666667,41,0.4357710340415939,0.43902439024390244
seed-42,screenqa_choice,uncalibrated,3600,0.4666666666666667,0.5333333333333333,14,0.4960750072365908,0.42857142857142855
seed-42,screenqa_choice,uncalibrated,3600,0.5333333333333333,0.6,6,0.570404799395456,0.16666666666666666
seed-42,screenqa_choice,uncalibrated,3600,0.6,0.6666666666666666,0,,
seed-42,screenqa_choice,uncalibrated,3600,0.6666666666666666,0.7333333333333333,2,0.6937406757226419,1.0
seed-42,screenqa_choice,uncalibrated,3600,0.7333333333333333,0.8,0,,
seed-42,screenqa_choice,uncalibrated,3600,0.8,0.8666666666666667,0,,
seed-42,screenqa_choice,uncalibrated,3600,0.8666666666666667,0.9333333333333333,0,,
seed-42,screenqa_choice,uncalibrated,3600,0.9333333333333333,1.0,0,,
seed-42,screenqa_noul,uncalibrated,3600,0.0,0.06666666666666667,0,,
seed-42,screenqa_noul,uncalibrated,3600,0.06666666666666667,0.13333333333333333,0,,
seed-42,screenqa_noul,uncalibrated,3600,0.13333333333333333,0.2,0,,
seed-42,screenqa_noul,uncalibrated,3600,0.2,0.26666666666666666,0,,
seed-42,screenqa_noul,uncalibrated,3600,0.26666666666666666,0.3333333333333333,0,,
seed-42,screenqa_noul,uncalibrated,3600,0.3333333333333333,0.4,0,,
seed-42,screenqa_noul,uncalibrated,3600,0.4,0.4666666666666667,0,,
seed-42,screenqa_noul,uncalibrated,3600,0.4666666666666667,0.5333333333333333,83,0.5161425119176397,0.5060240963855421
seed-42,screenqa_noul,uncalibrated,3600,0.5333333333333333,0.6,188,0.5671158113575633,0.5957446808510638
seed-42,screenqa_noul,uncalibrated,3600,0.6,0.6666666666666666,239,0.6343384304960372,0.5983263598326359
seed-42,screenqa_noul,uncalibrated,3600,0.6666666666666666,0.7333333333333333,307,0.7025884806231703,0.6612377850162866
seed-42,screenqa_noul,uncalibrated,3600,0.7333333333333333,0.8,403,0.7688326316066745,0.7220843672456576
seed-42,screenqa_noul,uncalibrated,3600,0.8,0.8666666666666667,587,0.8334347539845258,0.7632027257240205
seed-42,screenqa_noul,uncalibrated,3600,0.8666666666666667,0.9333333333333333,333,0.8897010492811036,0.8438438438438438
seed-42,screenqa_noul,uncalibrated,3600,0.9333333333333333,1.0,8,0.9420638176521868,1.0
seed-42,sharc,uncalibrated,3600,0.0,0.06666666666666667,0,,
seed-42,sharc,uncalibrated,3600,0.06666666666666667,0.13333333333333333,0,,
seed-42,sharc,uncalibrated,3600,0.13333333333333333,0.2,0,,
seed-42,sharc,uncalibrated,3600,0.2,0.26666666666666666,0,,
seed-42,sharc,uncalibrated,3600,0.26666666666666666,0.3333333333333333,0,,
seed-42,sharc,uncalibrated,3600,0.3333333333333333,0.4,98,0.3747643041482396,0.3673469387755102
seed-42,sharc,uncalibrated,3600,0.4,0.4666666666666667,347,0.4389433806969055,0.36023054755043227
seed-42,sharc,uncalibrated,3600,0.4666666666666667,0.5333333333333333,821,0.501005299385488,0.4336175395858709
seed-42,sharc,uncalibrated,3600,0.5333333333333333,0.6,950,0.5680335387392983,0.4863157894736842
seed-42,sharc,uncalibrated,3600,0.6,0.6666666666666666,829,0.632934242207029,0.5452352231604343
seed-42,sharc,uncalibrated,3600,0.6666666666666666,0.7333333333333333,881,0.7000489677678291,0.6118047673098751
seed-42,sharc,uncalibrated,3600,0.7333333333333333,0.8,950,0.7666519837796896,0.6673684210526316
seed-42,sharc,uncalibrated,3600,0.8,0.8666666666666667,914,0.8342373579305028,0.7713347921225383
seed-42,sharc,uncalibrated,3600,0.8666666666666667,0.9333333333333333,1117,0.9013213197535289,0.8495971351835273
seed-42,sharc,uncalibrated,3600,0.9333333333333333,1.0,1369,0.9671520831662377,0.9276844411979547
seed-42,sms_spam,uncalibrated,3600,0.0,0.06666666666666667,0,,
seed-42,sms_spam,uncalibrated,3600,0.06666666666666667,0.13333333333333333,0,,
seed-42,sms_spam,uncalibrated,3600,0.13333333333333333,0.2,0,,
seed-42,sms_spam,uncalibrated,3600,0.2,0.26666666666666666,0,,
seed-42,sms_spam,uncalibrated,3600,0.26666666666666666,0.3333333333333333,0,,
seed-42,sms_spam,uncalibrated,3600,0.3333333333333333,0.4,0,,
seed-42,sms_spam,uncalibrated,3600,0.4,0.4666666666666667,0,,
seed-42,sms_spam,uncalibrated,3600,0.4666666666666667,0.5333333333333333,0,,
seed-42,sms_spam,uncalibrated,3600,0.5333333333333333,0.6,0,,
seed-42,sms_spam,uncalibrated,3600,0.6,0.6666666666666666,0,,
seed-42,sms_spam,uncalibrated,3600,0.6666666666666666,0.7333333333333333,0,,
seed-42,sms_spam,uncalibrated,3600,0.7333333333333333,0.8,0,,
seed-42,sms_spam,uncalibrated,3600,0.8,0.8666666666666667,0,,
seed-42,sms_spam,uncalibrated,3600,0.8666666666666667,0.9333333333333333,0,,
seed-42,sms_spam,uncalibrated,3600,0.9333333333333333,1.0,794,0.9999999651264393,0.9937027707808564
seed-42,typed_decisions,uncalibrated,3600,0.0,0.06666666666666667,0,,
seed-42,typed_decisions,uncalibrated,3600,0.06666666666666667,0.13333333333333333,0,,
seed-42,typed_decisions,uncalibrated,3600,0.13333333333333333,0.2,0,,
seed-42,typed_decisions,uncalibrated,3600,0.2,0.26666666666666666,1,0.25871994855259084,1.0
seed-42,typed_decisions,uncalibrated,3600,0.26666666666666666,0.3333333333333333,34,0.31040687605060446,0.4411764705882353
seed-42,typed_decisions,uncalibrated,3600,0.3333333333333333,0.4,176,0.37241871630302403,0.5227272727272727
seed-42,typed_decisions,uncalibrated,3600,0.4,0.4666666666666667,299,0.43258280733669313,0.6086956521739131
seed-42,typed_decisions,uncalibrated,3600,0.4666666666666667,0.5333333333333333,379,0.5000175846493741,0.5857519788918206
seed-42,typed_decisions,uncalibrated,3600,0.5333333333333333,0.6,271,0.564078734624664,0.6863468634686347
seed-42,typed_decisions,uncalibrated,3600,0.6,0.6666666666666666,193,0.6308064963399214,0.772020725388601
seed-42,typed_decisions,uncalibrated,3600,0.6666666666666666,0.7333333333333333,171,0.6997251617971951,0.847953216374269
seed-42,typed_decisions,uncalibrated,3600,0.7333333333333333,0.8,127,0.7648794121820031,0.889763779527559
seed-42,typed_decisions,uncalibrated,3600,0.8,0.8666666666666667,108,0.8349364376473439,0.8981481481481481
seed-42,typed_decisions,uncalibrated,3600,0.8666666666666667,0.9333333333333333,131,0.9038425963190712,0.9465648854961832
seed-42,typed_decisions,uncalibrated,3600,0.9333333333333333,1.0,110,0.9700030061593242,0.990909090909091
seed-42,vqav2_yesno,uncalibrated,3600,0.0,0.06666666666666667,0,,
seed-42,vqav2_yesno,uncalibrated,3600,0.06666666666666667,0.13333333333333333,0,,
seed-42,vqav2_yesno,uncalibrated,3600,0.13333333333333333,0.2,0,,
seed-42,vqav2_yesno,uncalibrated,3600,0.2,0.26666666666666666,0,,
seed-42,vqav2_yesno,uncalibrated,3600,0.26666666666666666,0.3333333333333333,0,,
seed-42,vqav2_yesno,uncalibrated,3600,0.3333333333333333,0.4,0,,
seed-42,vqav2_yesno,uncalibrated,3600,0.4,0.4666666666666667,0,,
seed-42,vqav2_yesno,uncalibrated,3600,0.4666666666666667,0.5333333333333333,284,0.516754441037253,0.5105633802816901
seed-42,vqav2_yesno,uncalibrated,3600,0.5333333333333333,0.6,598,0.5678014751287146,0.5551839464882943
seed-42,vqav2_yesno,uncalibrated,3600,0.6,0.6666666666666666,620,0.6330553657780921,0.6306451612903226
seed-42,vqav2_yesno,uncalibrated,3600,0.6666666666666666,0.7333333333333333,670,0.6996956315918904,0.655223880597015
seed-42,vqav2_yesno,uncalibrated,3600,0.7333333333333333,0.8,755,0.7653201168300539,0.7178807947019867
seed-42,vqav2_yesno,uncalibrated,3600,0.8,0.8666666666666667,980,0.8350074105704531,0.7989795918367347
seed-42,vqav2_yesno,uncalibrated,3600,0.8666666666666667,0.9333333333333333,1333,0.903009667613641,0.8627156789197299
seed-42,vqav2_yesno,uncalibrated,3600,0.9333333333333333,1.0,2862,0.9720434113021036,0.9664570230607966
seed-42,wikiqa,uncalibrated,3600,0.0,0.06666666666666667,0,,
seed-42,wikiqa,uncalibrated,3600,0.06666666666666667,0.13333333333333333,0,,
seed-42,wikiqa,uncalibrated,3600,0.13333333333333333,0.2,0,,
seed-42,wikiqa,uncalibrated,3600,0.2,0.26666666666666666,0,,
seed-42,wikiqa,uncalibrated,3600,0.26666666666666666,0.3333333333333333,0,,
seed-42,wikiqa,uncalibrated,3600,0.3333333333333333,0.4,0,,
seed-42,wikiqa,uncalibrated,3600,0.4,0.4666666666666667,0,,
seed-42,wikiqa,uncalibrated,3600,0.4666666666666667,0.5333333333333333,1,0.5298574751883444,1.0
seed-42,wikiqa,uncalibrated,3600,0.5333333333333333,0.6,4,0.5793659231465912,0.5
seed-42,wikiqa,uncalibrated,3600,0.6,0.6666666666666666,4,0.6367668493958291,0.5
seed-42,wikiqa,uncalibrated,3600,0.6666666666666666,0.7333333333333333,7,0.6960604946003955,0.7142857142857143
seed-42,wikiqa,uncalibrated,3600,0.7333333333333333,0.8,7,0.7628208812726035,0.2857142857142857
seed-42,wikiqa,uncalibrated,3600,0.8,0.8666666666666667,9,0.8512875900204732,0.4444444444444444
seed-42,wikiqa,uncalibrated,3600,0.8666666666666667,0.9333333333333333,13,0.9044010036513009,0.5384615384615384
seed-42,wikiqa,uncalibrated,3600,0.9333333333333333,1.0,6115,0.9998172814189566,0.9627146361406378
seed-42,xnli_en,uncalibrated,3600,0.0,0.06666666666666667,0,,
seed-42,xnli_en,uncalibrated,3600,0.06666666666666667,0.13333333333333333,0,,
seed-42,xnli_en,uncalibrated,3600,0.13333333333333333,0.2,0,,
seed-42,xnli_en,uncalibrated,3600,0.2,0.26666666666666666,0,,
seed-42,xnli_en,uncalibrated,3600,0.26666666666666666,0.3333333333333333,0,,
seed-42,xnli_en,uncalibrated,3600,0.3333333333333333,0.4,12,0.3750502905466983,0.16666666666666666
seed-42,xnli_en,uncalibrated,3600,0.4,0.4666666666666667,58,0.44247775928179517,0.3103448275862069
seed-42,xnli_en,uncalibrated,3600,0.4666666666666667,0.5333333333333333,218,0.5025217760174313,0.45871559633027525
seed-42,xnli_en,uncalibrated,3600,0.5333333333333333,0.6,201,0.5664000485081597,0.6169154228855721
seed-42,xnli_en,uncalibrated,3600,0.6,0.6666666666666666,260,0.6341948042142038,0.6230769230769231
seed-42,xnli_en,uncalibrated,3600,0.6666666666666666,0.7333333333333333,277,0.7013259933214482,0.6606498194945848
seed-42,xnli_en,uncalibrated,3600,0.7333333333333333,0.8,339,0.7684179903604987,0.7581120943952803
seed-42,xnli_en,uncalibrated,3600,0.8,0.8666666666666667,447,0.8359474634430565,0.8076062639821029
seed-42,xnli_en,uncalibrated,3600,0.8666666666666667,0.9333333333333333,721,0.9037047421181024,0.8945908460471568
seed-42,xnli_en,uncalibrated,3600,0.9333333333333333,1.0,2476,0.9788195584228981,0.9466882067851373
seed-42,xnli_zh,uncalibrated,3600,0.0,0.06666666666666667,0,,
seed-42,xnli_zh,uncalibrated,3600,0.06666666666666667,0.13333333333333333,0,,
seed-42,xnli_zh,uncalibrated,3600,0.13333333333333333,0.2,0,,
seed-42,xnli_zh,uncalibrated,3600,0.2,0.26666666666666666,0,,
seed-42,xnli_zh,uncalibrated,3600,0.26666666666666666,0.3333333333333333,0,,
seed-42,xnli_zh,uncalibrated,3600,0.3333333333333333,0.4,19,0.3776087687683075,0.42105263157894735
seed-42,xnli_zh,uncalibrated,3600,0.4,0.4666666666666667,130,0.43744098820034155,0.3153846153846154
seed-42,xnli_zh,uncalibrated,3600,0.4666666666666667,0.5333333333333333,312,0.5008075390181806,0.5064102564102564
seed-42,xnli_zh,uncalibrated,3600,0.5333333333333333,0.6,360,0.5680232394521423,0.5277777777777778
seed-42,xnli_zh,uncalibrated,3600,0.6,0.6666666666666666,364,0.6329436824532894,0.5741758241758241
seed-42,xnli_zh,uncalibrated,3600,0.6666666666666666,0.7333333333333333,382,0.7014910506980916,0.6465968586387435
seed-42,xnli_zh,uncalibrated,3600,0.7333333333333333,0.8,492,0.7681672273635469,0.7012195121951219
seed-42,xnli_zh,uncalibrated,3600,0.8,0.8666666666666667,528,0.8367105262633278,0.7803030303030303
seed-42,xnli_zh,uncalibrated,3600,0.8666666666666667,0.9333333333333333,677,0.9023117078589427,0.8227474150664698
seed-42,xnli_zh,uncalibrated,3600,0.9333333333333333,1.0,1745,0.9759832119252303,0.9277936962750717
seed-42,ag_news,calibrated,3600,0.0,0.06666666666666667,0,,
seed-42,ag_news,calibrated,3600,0.06666666666666667,0.13333333333333333,0,,
seed-42,ag_news,calibrated,3600,0.13333333333333333,0.2,0,,
seed-42,ag_news,calibrated,3600,0.2,0.26666666666666666,0,,
seed-42,ag_news,calibrated,3600,0.26666666666666666,0.3333333333333333,0,,
seed-42,ag_news,calibrated,3600,0.3333333333333333,0.4,0,,
seed-42,ag_news,calibrated,3600,0.4,0.4666666666666667,4,0.45375399408899697,0.75
seed-42,ag_news,calibrated,3600,0.4666666666666667,0.5333333333333333,31,0.5170233928063523,0.3548387096774194
seed-42,ag_news,calibrated,3600,0.5333333333333333,0.6,41,0.5699847931850011,0.5853658536585366
seed-42,ag_news,calibrated,3600,0.6,0.6666666666666666,32,0.63702073556075,0.53125
seed-42,ag_news,calibrated,3600,0.6666666666666666,0.7333333333333333,51,0.7081598744486317,0.39215686274509803
seed-42,ag_news,calibrated,3600,0.7333333333333333,0.8,64,0.7674256458642632,0.515625
seed-42,ag_news,calibrated,3600,0.8,0.8666666666666667,72,0.8338151120767745,0.4861111111111111
seed-42,ag_news,calibrated,3600,0.8666666666666667,0.9333333333333333,124,0.905277201162866,0.6048387096774194
seed-42,ag_news,calibrated,3600,0.9333333333333333,1.0,7181,0.998579512785446,0.9167246901545746
seed-42,aokvqa,calibrated,3600,0.0,0.06666666666666667,0,,
seed-42,aokvqa,calibrated,3600,0.06666666666666667,0.13333333333333333,0,,
seed-42,aokvqa,calibrated,3600,0.13333333333333333,0.2,0,,
seed-42,aokvqa,calibrated,3600,0.2,0.26666666666666666,0,,
seed-42,aokvqa,calibrated,3600,0.26666666666666666,0.3333333333333333,42,0.3131359404782425,0.35714285714285715
seed-42,aokvqa,calibrated,3600,0.3333333333333333,0.4,88,0.3694575912747651,0.4090909090909091
seed-42,aokvqa,calibrated,3600,0.4,0.4666666666666667,100,0.43663307073932955,0.51
seed-42,aokvqa,calibrated,3600,0.4666666666666667,0.5333333333333333,79,0.49763289621975426,0.5822784810126582
seed-42,aokvqa,calibrated,3600,0.5333333333333333,0.6,95,0.5664400243383504,0.7684210526315789
seed-42,aokvqa,calibrated,3600,0.6,0.6666666666666666,89,0.6327421295657853,0.6741573033707865
seed-42,aokvqa,calibrated,3600,0.6666666666666666,0.7333333333333333,72,0.7001858015800182,0.875
seed-42,aokvqa,calibrated,3600,0.7333333333333333,0.8,71,0.7665406885226146,0.8873239436619719
seed-42,aokvqa,calibrated,3600,0.8,0.8666666666666667,93,0.8341035502266687,0.9032258064516129
seed-42,aokvqa,calibrated,3600,0.8666666666666667,0.9333333333333333,125,0.9018863133990543,0.96
seed-42,aokvqa,calibrated,3600,0.9333333333333333,1.0,284,0.9723235715434669,0.9788732394366197
seed-42,banking77,calibrated,3600,0.0,0.06666666666666667,61,0.05484923111138595,0.29508196721311475
seed-42,banking77,calibrated,3600,0.06666666666666667,0.13333333333333333,297,0.1033722689285925,0.2962962962962963
seed-42,banking77,calibrated,3600,0.13333333333333333,0.2,302,0.1655912225971678,0.44370860927152317
seed-42,banking77,calibrated,3600,0.2,0.26666666666666666,271,0.23256903535598725,0.5129151291512916
seed-42,banking77,calibrated,3600,0.26666666666666666,0.3333333333333333,191,0.2996625790705443,0.6282722513089005
seed-42,banking77,calibrated,3600,0.3333333333333333,0.4,171,0.36567191710853775,0.6842105263157895
seed-42,banking77,calibrated,3600,0.4,0.4666666666666667,153,0.43308182709920406,0.7647058823529411
seed-42,banking77,calibrated,3600,0.4666666666666667,0.5333333333333333,159,0.4999338955111634,0.7421383647798742
seed-42,banking77,calibrated,3600,0.5333333333333333,0.6,158,0.5655106222567509,0.8481012658227848
seed-42,banking77,calibrated,3600,0.6,0.6666666666666666,155,0.6317791883782012,0.8903225806451613
seed-42,banking77,calibrated,3600,0.6666666666666666,0.7333333333333333,190,0.699306758567706,0.9263157894736842
seed-42,banking77,calibrated,3600,0.7333333333333333,0.8,204,0.7647568744711153,0.9656862745098039
seed-42,banking77,calibrated,3600,0.8,0.8666666666666667,257,0.8336086193513128,0.9571984435797666
seed-42,banking77,calibrated,3600,0.8666666666666667,0.9333333333333333,304,0.8989416923399302,0.9835526315789473
seed-42,banking77,calibrated,3600,0.9333333333333333,1.0,207,0.9611435190211787,0.9951690821256038
seed-42,boolq,calibrated,3600,0.0,0.06666666666666667,0,,
seed-42,boolq,calibrated,3600,0.06666666666666667,0.13333333333333333,0,,
seed-42,boolq,calibrated,3600,0.13333333333333333,0.2,0,,
seed-42,boolq,calibrated,3600,0.2,0.26666666666666666,0,,
seed-42,boolq,calibrated,3600,0.26666666666666666,0.3333333333333333,0,,
seed-42,boolq,calibrated,3600,0.3333333333333333,0.4,0,,
seed-42,boolq,calibrated,3600,0.4,0.4666666666666667,0,,
seed-42,boolq,calibrated,3600,0.4666666666666667,0.5333333333333333,187,0.5166260556762994,0.5080213903743316
seed-42,boolq,calibrated,3600,0.5333333333333333,0.6,419,0.5651938857445821,0.6109785202863962
seed-42,boolq,calibrated,3600,0.6,0.6666666666666666,416,0.6334642075349433,0.7475961538461539
seed-42,boolq,calibrated,3600,0.6666666666666666,0.7333333333333333,527,0.7000471051243453,0.825426944971537
seed-42,boolq,calibrated,3600,0.7333333333333333,0.8,619,0.7679498629451695,0.8966074313408724
seed-42,boolq,calibrated,3600,0.8,0.8666666666666667,603,0.8326682228702884,0.9535655058043118
seed-42,boolq,calibrated,3600,0.8666666666666667,0.9333333333333333,401,0.895324734930565,0.970074812967581
seed-42,boolq,calibrated,3600,0.9333333333333333,1.0,98,0.9507353178026242,0.9897959183673469
seed-42,clevr_attribute,calibrated,3600,0.0,0.06666666666666667,0,,
seed-42,clevr_attribute,calibrated,3600,0.06666666666666667,0.13333333333333333,0,,
seed-42,clevr_attribute,calibrated,3600,0.13333333333333333,0.2,0,,
seed-42,clevr_attribute,calibrated,3600,0.2,0.26666666666666666,0,,
seed-42,clevr_attribute,calibrated,3600,0.26666666666666666,0.3333333333333333,0,,
seed-42,clevr_attribute,calibrated,3600,0.3333333333333333,0.4,0,,
seed-42,clevr_attribute,calibrated,3600,0.4,0.4666666666666667,1,0.4534799348816949,1.0
seed-42,clevr_attribute,calibrated,3600,0.4666666666666667,0.5333333333333333,29,0.5145033342939996,0.5172413793103449
seed-42,clevr_attribute,calibrated,3600,0.5333333333333333,0.6,72,0.5628533501469877,0.5416666666666666
seed-42,clevr_attribute,calibrated,3600,0.6,0.6666666666666666,74,0.6342846700455435,0.5
seed-42,clevr_attribute,calibrated,3600,0.6666666666666666,0.7333333333333333,80,0.6988843236415108,0.5
seed-42,clevr_attribute,calibrated,3600,0.7333333333333333,0.8,109,0.7685363474242178,0.5229357798165137
seed-42,clevr_attribute,calibrated,3600,0.8,0.8666666666666667,131,0.8373439777119538,0.6564885496183206
seed-42,clevr_attribute,calibrated,3600,0.8666666666666667,0.9333333333333333,198,0.9045811298825182,0.6262626262626263
seed-42,clevr_attribute,calibrated,3600,0.9333333333333333,1.0,53040,0.999606554965084,0.9889705882352942
seed-42,clevr_count,calibrated,3600,0.0,0.06666666666666667,0,,
seed-42,clevr_count,calibrated,3600,0.06666666666666667,0.13333333333333333,0,,
seed-42,clevr_count,calibrated,3600,0.13333333333333333,0.2,0,,
seed-42,clevr_count,calibrated,3600,0.2,0.26666666666666666,28,0.24721402622984862,0.2857142857142857
seed-42,clevr_count,calibrated,3600,0.26666666666666666,0.3333333333333333,234,0.3092543629575725,0.32051282051282054
seed-42,clevr_count,calibrated,3600,0.3333333333333333,0.4,715,0.36929720310497155,0.35244755244755244
seed-42,clevr_count,calibrated,3600,0.4,0.4666666666666667,1168,0.4375632791309269,0.4246575342465753
seed-42,clevr_count,calibrated,3600,0.4666666666666667,0.5333333333333333,1912,0.5007455059302016,0.4952928870292887
seed-42,clevr_count,calibrated,3600,0.5333333333333333,0.6,1841,0.5660456178480773,0.5556762629005975
seed-42,clevr_count,calibrated,3600,0.6,0.6666666666666666,1681,0.6333880971128073,0.6317668054729327
seed-42,clevr_count,calibrated,3600,0.6666666666666666,0.7333333333333333,1599,0.7000417368139703,0.6341463414634146
seed-42,clevr_count,calibrated,3600,0.7333333333333333,0.8,1714,0.7679123607300303,0.721120186697783
seed-42,clevr_count,calibrated,3600,0.8,0.8666666666666667,2012,0.8344978743530879,0.8026838966202783
seed-42,clevr_count,calibrated,3600,0.8666666666666667,0.9333333333333333,3136,0.9041657025615668,0.8794642857142857
seed-42,clevr_count,calibrated,3600,0.9333333333333333,1.0,19382,0.9840170389803622,0.9850892580745021
seed-42,clevr_exist,calibrated,3600,0.0,0.06666666666666667,0,,
seed-42,clevr_exist,calibrated,3600,0.06666666666666667,0.13333333333333333,0,,
seed-42,clevr_exist,calibrated,3600,0.13333333333333333,0.2,0,,
seed-42,clevr_exist,calibrated,3600,0.2,0.26666666666666666,0,,
seed-42,clevr_exist,calibrated,3600,0.26666666666666666,0.3333333333333333,0,,
seed-42,clevr_exist,calibrated,3600,0.3333333333333333,0.4,0,,
seed-42,clevr_exist,calibrated,3600,0.4,0.4666666666666667,0,,
seed-42,clevr_exist,calibrated,3600,0.4666666666666667,0.5333333333333333,25,0.516244882788391,0.52
seed-42,clevr_exist,calibrated,3600,0.5333333333333333,0.6,41,0.5648421208754311,0.3902439024390244
seed-42,clevr_exist,calibrated,3600,0.6,0.6666666666666666,53,0.6342977421839676,0.5094339622641509
seed-42,clevr_exist,calibrated,3600,0.6666666666666666,0.7333333333333333,57,0.7022690462182106,0.5263157894736842
seed-42,clevr_exist,calibrated,3600,0.7333333333333333,0.8,64,0.7724067839240175,0.53125
seed-42,clevr_exist,calibrated,3600,0.8,0.8666666666666667,85,0.8335162925992341,0.5647058823529412
seed-42,clevr_exist,calibrated,3600,0.8666666666666667,0.9333333333333333,158,0.9026528637103718,0.6582278481012658
seed-42,clevr_exist,calibrated,3600,0.9333333333333333,1.0,19713,0.9984763195337999,0.9840206970019784
seed-42,contract_nli,calibrated,3600,0.0,0.06666666666666667,0,,
seed-42,contract_nli,calibrated,3600,0.06666666666666667,0.13333333333333333,0,,
seed-42,contract_nli,calibrated,3600,0.13333333333333333,0.2,0,,
seed-42,contract_nli,calibrated,3600,0.2,0.26666666666666666,0,,
seed-42,contract_nli,calibrated,3600,0.26666666666666666,0.3333333333333333,0,,
seed-42,contract_nli,calibrated,3600,0.3333333333333333,0.4,12,0.37404339315236373,0.16666666666666666
seed-42,contract_nli,calibrated,3600,0.4,0.4666666666666667,57,0.43805044385681813,0.5614035087719298
seed-42,contract_nli,calibrated,3600,0.4666666666666667,0.5333333333333333,87,0.4984561787350443,0.5747126436781609
seed-42,contract_nli,calibrated,3600,0.5333333333333333,0.6,95,0.5700656780951303,0.7157894736842105
seed-42,contract_nli,calibrated,3600,0.6,0.6666666666666666,97,0.6341052188790638,0.6185567010309279
seed-42,contract_nli,calibrated,3600,0.6666666666666666,0.7333333333333333,120,0.7015414813792875,0.7
seed-42,contract_nli,calibrated,3600,0.7333333333333333,0.8,112,0.7685963721963848,0.8392857142857143
seed-42,contract_nli,calibrated,3600,0.8,0.8666666666666667,127,0.8324794552467863,0.937007874015748
seed-42,contract_nli,calibrated,3600,0.8666666666666667,0.9333333333333333,157,0.9005489665638762,0.9171974522292994
seed-42,contract_nli,calibrated,3600,0.9333333333333333,1.0,309,0.964207034780289,0.9805825242718447
seed-42,emotion,calibrated,3600,0.0,0.06666666666666667,0,,
seed-42,emotion,calibrated,3600,0.06666666666666667,0.13333333333333333,0,,
seed-42,emotion,calibrated,3600,0.13333333333333333,0.2,0,,
seed-42,emotion,calibrated,3600,0.2,0.26666666666666666,7,0.24389519226780715,0.5714285714285714
seed-42,emotion,calibrated,3600,0.26666666666666666,0.3333333333333333,56,0.3084178351273447,0.3392857142857143
seed-42,emotion,calibrated,3600,0.3333333333333333,0.4,93,0.36850125760715186,0.5483870967741935
seed-42,emotion,calibrated,3600,0.4,0.4666666666666667,145,0.4344051906192227,0.4896551724137931
seed-42,emotion,calibrated,3600,0.4666666666666667,0.5333333333333333,198,0.4980566350444267,0.5808080808080808
seed-42,emotion,calibrated,3600,0.5333333333333333,0.6,164,0.5630302666582699,0.6219512195121951
seed-42,emotion,calibrated,3600,0.6,0.6666666666666666,163,0.6334116952820373,0.7116564417177914
seed-42,emotion,calibrated,3600,0.6666666666666666,0.7333333333333333,171,0.7035856688211586,0.7660818713450293
seed-42,emotion,calibrated,3600,0.7333333333333333,0.8,208,0.7680846431532763,0.8413461538461539
seed-42,emotion,calibrated,3600,0.8,0.8666666666666667,261,0.8352287509728781,0.896551724137931
seed-42,emotion,calibrated,3600,0.8666666666666667,0.9333333333333333,315,0.8993575798557065,0.9428571428571428
seed-42,emotion,calibrated,3600,0.9333333333333333,1.0,219,0.9605694709510042,0.9771689497716894
seed-42,esci_es,calibrated,3600,0.0,0.06666666666666667,0,,
seed-42,esci_es,calibrated,3600,0.06666666666666667,0.13333333333333333,0,,
seed-42,esci_es,calibrated,3600,0.13333333333333333,0.2,0,,
seed-42,esci_es,calibrated,3600,0.2,0.26666666666666666,0,,
seed-42,esci_es,calibrated,3600,0.26666666666666666,0.3333333333333333,208,0.31172913758230286,0.34615384615384615
seed-42,esci_es,calibrated,3600,0.3333333333333333,0.4,398,0.36863676317536503,0.4623115577889447
seed-42,esci_es,calibrated,3600,0.4,0.4666666666666667,416,0.4292578844153755,0.5745192307692307
seed-42,esci_es,calibrated,3600,0.4666666666666667,0.5333333333333333,207,0.49860549196058557,0.6714975845410628
seed-42,esci_es,calibrated,3600,0.5333333333333333,0.6,139,0.564496598427537,0.697841726618705
seed-42,esci_es,calibrated,3600,0.6,0.6666666666666666,69,0.6305364284602457,0.8260869565217391
seed-42,esci_es,calibrated,3600,0.6666666666666666,0.7333333333333333,37,0.6964498487049736,0.9459459459459459
seed-42,esci_es,calibrated,3600,0.7333333333333333,0.8,7,0.7586756252272852,1.0
seed-42,esci_es,calibrated,3600,0.8,0.8666666666666667,1,0.8407679282820308,1.0
seed-42,esci_es,calibrated,3600,0.8666666666666667,0.9333333333333333,0,,
seed-42,esci_es,calibrated,3600,0.9333333333333333,1.0,0,,
seed-42,esci_jp,calibrated,3600,0.0,0.06666666666666667,0,,
seed-42,esci_jp,calibrated,3600,0.06666666666666667,0.13333333333333333,0,,
seed-42,esci_jp,calibrated,3600,0.13333333333333333,0.2,0,,
seed-42,esci_jp,calibrated,3600,0.2,0.26666666666666666,0,,
seed-42,esci_jp,calibrated,3600,0.26666666666666666,0.3333333333333333,203,0.3170578717841644,0.39901477832512317
seed-42,esci_jp,calibrated,3600,0.3333333333333333,0.4,503,0.3642912286250212,0.5208747514910537
seed-42,esci_jp,calibrated,3600,0.4,0.4666666666666667,324,0.43200167061344896,0.654320987654321
seed-42,esci_jp,calibrated,3600,0.4666666666666667,0.5333333333333333,257,0.496502466257965,0.7003891050583657
seed-42,esci_jp,calibrated,3600,0.5333333333333333,0.6,169,0.5639357059464302,0.6923076923076923
seed-42,esci_jp,calibrated,3600,0.6,0.6666666666666666,114,0.6332492288290926,0.7368421052631579
seed-42,esci_jp,calibrated,3600,0.6666666666666666,0.7333333333333333,49,0.6894859861134525,0.8367346938775511
seed-42,esci_jp,calibrated,3600,0.7333333333333333,0.8,14,0.7554583204061389,0.9285714285714286
seed-42,esci_jp,calibrated,3600,0.8,0.8666666666666667,0,,
seed-42,esci_jp,calibrated,3600,0.8666666666666667,0.9333333333333333,0,,
seed-42,esci_jp,calibrated,3600,0.9333333333333333,1.0,0,,
seed-42,esci_us,calibrated,3600,0.0,0.06666666666666667,0,,
seed-42,esci_us,calibrated,3600,0.06666666666666667,0.13333333333333333,0,,
seed-42,esci_us,calibrated,3600,0.13333333333333333,0.2,0,,
seed-42,esci_us,calibrated,3600,0.2,0.26666666666666666,1,0.26649437893996075,0.0
seed-42,esci_us,calibrated,3600,0.26666666666666666,0.3333333333333333,112,0.31373903151575394,0.25892857142857145
seed-42,esci_us,calibrated,3600,0.3333333333333333,0.4,331,0.36899182932168034,0.4652567975830816
seed-42,esci_us,calibrated,3600,0.4,0.4666666666666667,281,0.4309176908580005,0.46619217081850534
seed-42,esci_us,calibrated,3600,0.4666666666666667,0.5333333333333333,178,0.4982764898436233,0.5561797752808989
seed-42,esci_us,calibrated,3600,0.5333333333333333,0.6,152,0.5632887599522177,0.7171052631578947
seed-42,esci_us,calibrated,3600,0.6,0.6666666666666666,71,0.6275589487817388,0.676056338028169
seed-42,esci_us,calibrated,3600,0.6666666666666666,0.7333333333333333,17,0.6926854049846217,0.7647058823529411
seed-42,esci_us,calibrated,3600,0.7333333333333333,0.8,2,0.7556186874198075,0.5
seed-42,esci_us,calibrated,3600,0.8,0.8666666666666667,0,,
seed-42,esci_us,calibrated,3600,0.8666666666666667,0.9333333333333333,0,,
seed-42,esci_us,calibrated,3600,0.9333333333333333,1.0,0,,
seed-42,mail_phishing,calibrated,3600,0.0,0.06666666666666667,0,,
seed-42,mail_phishing,calibrated,3600,0.06666666666666667,0.13333333333333333,0,,
seed-42,mail_phishing,calibrated,3600,0.13333333333333333,0.2,0,,
seed-42,mail_phishing,calibrated,3600,0.2,0.26666666666666666,0,,
seed-42,mail_phishing,calibrated,3600,0.26666666666666666,0.3333333333333333,0,,
seed-42,mail_phishing,calibrated,3600,0.3333333333333333,0.4,0,,
seed-42,mail_phishing,calibrated,3600,0.4,0.4666666666666667,0,,
seed-42,mail_phishing,calibrated,3600,0.4666666666666667,0.5333333333333333,0,,
seed-42,mail_phishing,calibrated,3600,0.5333333333333333,0.6,1,0.5547309750579325,0.0
seed-42,mail_phishing,calibrated,3600,0.6,0.6666666666666666,0,,
seed-42,mail_phishing,calibrated,3600,0.6666666666666666,0.7333333333333333,1,0.6934289646709739,1.0
seed-42,mail_phishing,calibrated,3600,0.7333333333333333,0.8,3,0.7779820511042268,0.3333333333333333
seed-42,mail_phishing,calibrated,3600,0.8,0.8666666666666667,2,0.8445885639058651,1.0
seed-42,mail_phishing,calibrated,3600,0.8666666666666667,0.9333333333333333,0,,
seed-42,mail_phishing,calibrated,3600,0.9333333333333333,1.0,1043,0.9967617756222197,0.9952061361457335
seed-42,mail_spam,calibrated,3600,0.0,0.06666666666666667,0,,
seed-42,mail_spam,calibrated,3600,0.06666666666666667,0.13333333333333333,0,,
seed-42,mail_spam,calibrated,3600,0.13333333333333333,0.2,0,,
seed-42,mail_spam,calibrated,3600,0.2,0.26666666666666666,0,,
seed-42,mail_spam,calibrated,3600,0.26666666666666666,0.3333333333333333,0,,
seed-42,mail_spam,calibrated,3600,0.3333333333333333,0.4,0,,
seed-42,mail_spam,calibrated,3600,0.4,0.4666666666666667,0,,
seed-42,mail_spam,calibrated,3600,0.4666666666666667,0.5333333333333333,0,,
seed-42,mail_spam,calibrated,3600,0.5333333333333333,0.6,1,0.5637666384763876,1.0
seed-42,mail_spam,calibrated,3600,0.6,0.6666666666666666,3,0.6353504530132027,1.0
seed-42,mail_spam,calibrated,3600,0.6666666666666666,0.7333333333333333,2,0.7037173020670535,0.5
seed-42,mail_spam,calibrated,3600,0.7333333333333333,0.8,0,,
seed-42,mail_spam,calibrated,3600,0.8,0.8666666666666667,1,0.8256818999518681,1.0
seed-42,mail_spam,calibrated,3600,0.8666666666666667,0.9333333333333333,2,0.8881526804984141,1.0
seed-42,mail_spam,calibrated,3600,0.9333333333333333,1.0,845,0.9950812449151587,0.9893491124260355
seed-42,massive_en-US,calibrated,3600,0.0,0.06666666666666667,41,0.05389623165615535,0.14634146341463414
seed-42,massive_en-US,calibrated,3600,0.06666666666666667,0.13333333333333333,143,0.10160027061374757,0.35664335664335667
seed-42,massive_en-US,calibrated,3600,0.13333333333333333,0.2,169,0.1632805786996685,0.5266272189349113
seed-42,massive_en-US,calibrated,3600,0.2,0.26666666666666666,195,0.23546560545782072,0.5487179487179488
seed-42,massive_en-US,calibrated,3600,0.26666666666666666,0.3333333333333333,180,0.3011126693548683,0.6222222222222222
seed-42,massive_en-US,calibrated,3600,0.3333333333333333,0.4,160,0.36472506886311695,0.65
seed-42,massive_en-US,calibrated,3600,0.4,0.4666666666666667,159,0.4347786444555801,0.6918238993710691
seed-42,massive_en-US,calibrated,3600,0.4666666666666667,0.5333333333333333,160,0.49941107804360135,0.78125
seed-42,massive_en-US,calibrated,3600,0.5333333333333333,0.6,178,0.5671549844525812,0.8146067415730337
seed-42,massive_en-US,calibrated,3600,0.6,0.6666666666666666,159,0.6334623772738466,0.8867924528301887
seed-42,massive_en-US,calibrated,3600,0.6666666666666666,0.7333333333333333,187,0.7014748399929898,0.93048128342246
seed-42,massive_en-US,calibrated,3600,0.7333333333333333,0.8,219,0.7688386065910584,0.9497716894977168
seed-42,massive_en-US,calibrated,3600,0.8,0.8666666666666667,248,0.8318502128860328,0.9354838709677419
seed-42,massive_en-US,calibrated,3600,0.8666666666666667,0.9333333333333333,302,0.9019408363448936,0.9635761589403974
seed-42,massive_en-US,calibrated,3600,0.9333333333333333,1.0,470,0.9691166576172331,0.9723404255319149
seed-42,massive_zh-CN,calibrated,3600,0.0,0.06666666666666667,32,0.05378151626547714,0.1875
seed-42,massive_zh-CN,calibrated,3600,0.06666666666666667,0.13333333333333333,162,0.10561990829139178,0.36419753086419754
seed-42,massive_zh-CN,calibrated,3600,0.13333333333333333,0.2,192,0.1659433856270572,0.4322916666666667
seed-42,massive_zh-CN,calibrated,3600,0.2,0.26666666666666666,173,0.23059623375024646,0.5722543352601156
seed-42,massive_zh-CN,calibrated,3600,0.26666666666666666,0.3333333333333333,198,0.30205171808984455,0.5858585858585859
seed-42,massive_zh-CN,calibrated,3600,0.3333333333333333,0.4,176,0.3692587897003346,0.5795454545454546
seed-42,massive_zh-CN,calibrated,3600,0.4,0.4666666666666667,180,0.43156065320218023,0.6
seed-42,massive_zh-CN,calibrated,3600,0.4666666666666667,0.5333333333333333,185,0.4987410607849296,0.7675675675675676
seed-42,massive_zh-CN,calibrated,3600,0.5333333333333333,0.6,184,0.5676830915256756,0.8097826086956522
seed-42,massive_zh-CN,calibrated,3600,0.6,0.6666666666666666,197,0.6340113339757828,0.8527918781725888
seed-42,massive_zh-CN,calibrated,3600,0.6666666666666666,0.7333333333333333,195,0.7007886889498813,0.8923076923076924
seed-42,massive_zh-CN,calibrated,3600,0.7333333333333333,0.8,175,0.7654750420742598,0.9428571428571428
seed-42,massive_zh-CN,calibrated,3600,0.8,0.8666666666666667,232,0.8347125222561635,0.9525862068965517
seed-42,massive_zh-CN,calibrated,3600,0.8666666666666667,0.9333333333333333,265,0.9011305283304331,0.9622641509433962
seed-42,massive_zh-CN,calibrated,3600,0.9333333333333333,1.0,375,0.9656747505817747,0.96
seed-42,scienceqa,calibrated,3600,0.0,0.06666666666666667,0,,
seed-42,scienceqa,calibrated,3600,0.06666666666666667,0.13333333333333333,0,,
seed-42,scienceqa,calibrated,3600,0.13333333333333333,0.2,0,,
seed-42,scienceqa,calibrated,3600,0.2,0.26666666666666666,0,,
seed-42,scienceqa,calibrated,3600,0.26666666666666666,0.3333333333333333,14,0.3063867847451261,0.14285714285714285
seed-42,scienceqa,calibrated,3600,0.3333333333333333,0.4,34,0.3681761153165949,0.5588235294117647
seed-42,scienceqa,calibrated,3600,0.4,0.4666666666666667,73,0.4375332204189998,0.5068493150684932
seed-42,scienceqa,calibrated,3600,0.4666666666666667,0.5333333333333333,120,0.5052844188678767,0.5166666666666667
seed-42,scienceqa,calibrated,3600,0.5333333333333333,0.6,159,0.562956493855661,0.5660377358490566
seed-42,scienceqa,calibrated,3600,0.6,0.6666666666666666,142,0.6338341070157233,0.6901408450704225
seed-42,scienceqa,calibrated,3600,0.6666666666666666,0.7333333333333333,145,0.700252169053558,0.7931034482758621
seed-42,scienceqa,calibrated,3600,0.7333333333333333,0.8,138,0.7647279258996154,0.8405797101449275
seed-42,scienceqa,calibrated,3600,0.8,0.8666666666666667,162,0.8375580669584166,0.9382716049382716
seed-42,scienceqa,calibrated,3600,0.8666666666666667,0.9333333333333333,251,0.9042473628233312,0.952191235059761
seed-42,scienceqa,calibrated,3600,0.9333333333333333,1.0,779,0.9783194837258516,0.9961489088575096
seed-42,screenqa_choice,calibrated,3600,0.0,0.06666666666666667,53,0.059583057700444864,0.09433962264150944
seed-42,screenqa_choice,calibrated,3600,0.06666666666666667,0.13333333333333333,411,0.10130130223992005,0.1435523114355231
seed-42,screenqa_choice,calibrated,3600,0.13333333333333333,0.2,232,0.16180457992007063,0.25862068965517243
seed-42,screenqa_choice,calibrated,3600,0.2,0.26666666666666666,98,0.22711329315408876,0.40816326530612246
seed-42,screenqa_choice,calibrated,3600,0.26666666666666666,0.3333333333333333,40,0.29449997979164283,0.45
seed-42,screenqa_choice,calibrated,3600,0.3333333333333333,0.4,11,0.3673804371323717,0.45454545454545453
seed-42,screenqa_choice,calibrated,3600,0.4,0.4666666666666667,1,0.41207438481161063,1.0
seed-42,screenqa_choice,calibrated,3600,0.4666666666666667,0.5333333333333333,1,0.5080884577141522,1.0
seed-42,screenqa_choice,calibrated,3600,0.5333333333333333,0.6,1,0.597445648400727,1.0
seed-42,screenqa_choice,calibrated,3600,0.6,0.6666666666666666,0,,
seed-42,screenqa_choice,calibrated,3600,0.6666666666666666,0.7333333333333333,0,,
seed-42,screenqa_choice,calibrated,3600,0.7333333333333333,0.8,0,,
seed-42,screenqa_choice,calibrated,3600,0.8,0.8666666666666667,0,,
seed-42,screenqa_choice,calibrated,3600,0.8666666666666667,0.9333333333333333,0,,
seed-42,screenqa_choice,calibrated,3600,0.9333333333333333,1.0,0,,
seed-42,screenqa_noul,calibrated,3600,0.0,0.06666666666666667,0,,
seed-42,screenqa_noul,calibrated,3600,0.06666666666666667,0.13333333333333333,0,,
seed-42,screenqa_noul,calibrated,3600,0.13333333333333333,0.2,0,,
seed-42,screenqa_noul,calibrated,3600,0.2,0.26666666666666666,0,,
seed-42,screenqa_noul,calibrated,3600,0.26666666666666666,0.3333333333333333,0,,
seed-42,screenqa_noul,calibrated,3600,0.3333333333333333,0.4,0,,
seed-42,screenqa_noul,calibrated,3600,0.4,0.4666666666666667,0,,
seed-42,screenqa_noul,calibrated,3600,0.4666666666666667,0.5333333333333333,329,0.5174070718039908,0.5653495440729484
seed-42,screenqa_noul,calibrated,3600,0.5333333333333333,0.6,976,0.5691954155509513,0.6895491803278688
seed-42,screenqa_noul,calibrated,3600,0.6,0.6666666666666666,824,0.6240155088090946,0.7900485436893204
seed-42,screenqa_noul,calibrated,3600,0.6666666666666666,0.7333333333333333,19,0.6763705316184448,0.9473684210526315
seed-42,screenqa_noul,calibrated,3600,0.7333333333333333,0.8,0,,
seed-42,screenqa_noul,calibrated,3600,0.8,0.8666666666666667,0,,
seed-42,screenqa_noul,calibrated,3600,0.8666666666666667,0.9333333333333333,0,,
seed-42,screenqa_noul,calibrated,3600,0.9333333333333333,1.0,0,,
seed-42,sharc,calibrated,3600,0.0,0.06666666666666667,0,,
seed-42,sharc,calibrated,3600,0.06666666666666667,0.13333333333333333,0,,
seed-42,sharc,calibrated,3600,0.13333333333333333,0.2,0,,
seed-42,sharc,calibrated,3600,0.2,0.26666666666666666,0,,
seed-42,sharc,calibrated,3600,0.26666666666666666,0.3333333333333333,20,0.32591758185484376,0.45
seed-42,sharc,calibrated,3600,0.3333333333333333,0.4,477,0.3755545200043796,0.36058700209643607
seed-42,sharc,calibrated,3600,0.4,0.4666666666666667,1413,0.43751671336813464,0.46709129511677283
seed-42,sharc,calibrated,3600,0.4666666666666667,0.5333333333333333,1527,0.49878494986334365,0.5494433529796987
seed-42,sharc,calibrated,3600,0.5333333333333333,0.6,1293,0.5656711168128882,0.637277648878577
seed-42,sharc,calibrated,3600,0.6,0.6666666666666666,1020,0.6324515816782017,0.7666666666666667
seed-42,sharc,calibrated,3600,0.6666666666666666,0.7333333333333333,832,0.6985073291617652,0.8293269230769231
seed-42,sharc,calibrated,3600,0.7333333333333333,0.8,759,0.7651965043751348,0.8959156785243741
seed-42,sharc,calibrated,3600,0.8,0.8666666666666667,513,0.8322720948957302,0.9122807017543859
seed-42,sharc,calibrated,3600,0.8666666666666667,0.9333333333333333,363,0.8954342071546518,0.9504132231404959
seed-42,sharc,calibrated,3600,0.9333333333333333,1.0,59,0.9504263452314697,1.0
seed-42,sms_spam,calibrated,3600,0.0,0.06666666666666667,0,,
seed-42,sms_spam,calibrated,3600,0.06666666666666667,0.13333333333333333,0,,
seed-42,sms_spam,calibrated,3600,0.13333333333333333,0.2,0,,
seed-42,sms_spam,calibrated,3600,0.2,0.26666666666666666,0,,
seed-42,sms_spam,calibrated,3600,0.26666666666666666,0.3333333333333333,0,,
seed-42,sms_spam,calibrated,3600,0.3333333333333333,0.4,0,,
seed-42,sms_spam,calibrated,3600,0.4,0.4666666666666667,0,,
seed-42,sms_spam,calibrated,3600,0.4666666666666667,0.5333333333333333,0,,
seed-42,sms_spam,calibrated,3600,0.5333333333333333,0.6,0,,
seed-42,sms_spam,calibrated,3600,0.6,0.6666666666666666,0,,
seed-42,sms_spam,calibrated,3600,0.6666666666666666,0.7333333333333333,0,,
seed-42,sms_spam,calibrated,3600,0.7333333333333333,0.8,0,,
seed-42,sms_spam,calibrated,3600,0.8,0.8666666666666667,0,,
seed-42,sms_spam,calibrated,3600,0.8666666666666667,0.9333333333333333,0,,
seed-42,sms_spam,calibrated,3600,0.9333333333333333,1.0,794,0.9945951364862704,0.9937027707808564
seed-42,typed_decisions,calibrated,3600,0.0,0.06666666666666667,0,,
seed-42,typed_decisions,calibrated,3600,0.06666666666666667,0.13333333333333333,0,,
seed-42,typed_decisions,calibrated,3600,0.13333333333333333,0.2,0,,
seed-42,typed_decisions,calibrated,3600,0.2,0.26666666666666666,3,0.25311023577147534,0.3333333333333333
seed-42,typed_decisions,calibrated,3600,0.26666666666666666,0.3333333333333333,128,0.3113253948680609,0.4921875
seed-42,typed_decisions,calibrated,3600,0.3333333333333333,0.4,416,0.36774006976727647,0.5697115384615384
seed-42,typed_decisions,calibrated,3600,0.4,0.4666666666666667,320,0.43333074290002926,0.63125
seed-42,typed_decisions,calibrated,3600,0.4666666666666667,0.5333333333333333,385,0.5069097274784762,0.6987012987012987
seed-42,typed_decisions,calibrated,3600,0.5333333333333333,0.6,323,0.5609168744334287,0.8142414860681114
seed-42,typed_decisions,calibrated,3600,0.6,0.6666666666666666,203,0.6313097827534975,0.9211822660098522
seed-42,typed_decisions,calibrated,3600,0.6666666666666666,0.7333333333333333,126,0.6925383998594028,0.9603174603174603
seed-42,typed_decisions,calibrated,3600,0.7333333333333333,0.8,29,0.7642949570160604,0.9655172413793104
seed-42,typed_decisions,calibrated,3600,0.8,0.8666666666666667,24,0.833361786180948,0.875
seed-42,typed_decisions,calibrated,3600,0.8666666666666667,0.9333333333333333,23,0.9077940257458631,1.0
seed-42,typed_decisions,calibrated,3600,0.9333333333333333,1.0,20,0.9591092043312663,1.0
seed-42,vqav2_yesno,calibrated,3600,0.0,0.06666666666666667,0,,
seed-42,vqav2_yesno,calibrated,3600,0.06666666666666667,0.13333333333333333,0,,
seed-42,vqav2_yesno,calibrated,3600,0.13333333333333333,0.2,0,,
seed-42,vqav2_yesno,calibrated,3600,0.2,0.26666666666666666,0,,
seed-42,vqav2_yesno,calibrated,3600,0.26666666666666666,0.3333333333333333,0,,
seed-42,vqav2_yesno,calibrated,3600,0.3333333333333333,0.4,0,,
seed-42,vqav2_yesno,calibrated,3600,0.4,0.4666666666666667,0,,
seed-42,vqav2_yesno,calibrated,3600,0.4666666666666667,0.5333333333333333,1052,0.5170424830528833,0.5418250950570342
seed-42,vqav2_yesno,calibrated,3600,0.5333333333333333,0.6,2006,0.5659615677833546,0.6874376869391825
seed-42,vqav2_yesno,calibrated,3600,0.6,0.6666666666666666,1928,0.6324354325995437,0.8298755186721992
seed-42,vqav2_yesno,calibrated,3600,0.6666666666666666,0.7333333333333333,1658,0.7001699077098791,0.9439083232810616
seed-42,vqav2_yesno,calibrated,3600,0.7333333333333333,0.8,1135,0.7624026341722757,0.9814977973568282
seed-42,vqav2_yesno,calibrated,3600,0.8,0.8666666666666667,306,0.8222577777213687,0.9901960784313726
seed-42,vqav2_yesno,calibrated,3600,0.8666666666666667,0.9333333333333333,17,0.8828803040597452,1.0
seed-42,vqav2_yesno,calibrated,3600,0.9333333333333333,1.0,0,,
seed-42,wikiqa,calibrated,3600,0.0,0.06666666666666667,0,,
seed-42,wikiqa,calibrated,3600,0.06666666666666667,0.13333333333333333,0,,
seed-42,wikiqa,calibrated,3600,0.13333333333333333,0.2,0,,
seed-42,wikiqa,calibrated,3600,0.2,0.26666666666666666,0,,
seed-42,wikiqa,calibrated,3600,0.26666666666666666,0.3333333333333333,0,,
seed-42,wikiqa,calibrated,3600,0.3333333333333333,0.4,0,,
seed-42,wikiqa,calibrated,3600,0.4,0.4666666666666667,0,,
seed-42,wikiqa,calibrated,3600,0.4666666666666667,0.5333333333333333,6,0.5210588577271889,0.5
seed-42,wikiqa,calibrated,3600,0.5333333333333333,0.6,17,0.5645295069756733,0.5294117647058824
seed-42,wikiqa,calibrated,3600,0.6,0.6666666666666666,20,0.6355946139224286,0.5
seed-42,wikiqa,calibrated,3600,0.6666666666666666,0.7333333333333333,19,0.7022047347303738,0.5263157894736842
seed-42,wikiqa,calibrated,3600,0.7333333333333333,0.8,19,0.7734437174635488,0.5263157894736842
seed-42,wikiqa,calibrated,3600,0.8,0.8666666666666667,34,0.834951869147254,0.4117647058823529
seed-42,wikiqa,calibrated,3600,0.8666666666666667,0.9333333333333333,70,0.9052562052509519,0.6285714285714286
seed-42,wikiqa,calibrated,3600,0.9333333333333333,1.0,5975,0.9927625118689777,0.9723849372384937
seed-42,xnli_en,calibrated,3600,0.0,0.06666666666666667,0,,
seed-42,xnli_en,calibrated,3600,0.06666666666666667,0.13333333333333333,0,,
seed-42,xnli_en,calibrated,3600,0.13333333333333333,0.2,0,,
seed-42,xnli_en,calibrated,3600,0.2,0.26666666666666666,0,,
seed-42,xnli_en,calibrated,3600,0.26666666666666666,0.3333333333333333,0,,
seed-42,xnli_en,calibrated,3600,0.3333333333333333,0.4,47,0.38050515431852466,0.3617021276595745
seed-42,xnli_en,calibrated,3600,0.4,0.4666666666666667,244,0.4386697447131504,0.45901639344262296
seed-42,xnli_en,calibrated,3600,0.4666666666666667,0.5333333333333333,404,0.5003135970119861,0.6237623762376238
seed-42,xnli_en,calibrated,3600,0.5333333333333333,0.6,469,0.5663725275170073,0.6695095948827292
seed-42,xnli_en,calibrated,3600,0.6,0.6666666666666666,479,0.633677011364773,0.7849686847599165
seed-42,xnli_en,calibrated,3600,0.6666666666666666,0.7333333333333333,540,0.7005495913445305,0.8388888888888889
seed-42,xnli_en,calibrated,3600,0.7333333333333333,0.8,640,0.7658016183167561,0.9
seed-42,xnli_en,calibrated,3600,0.8,0.8666666666666667,675,0.8339511744527873,0.917037037037037
seed-42,xnli_en,calibrated,3600,0.8666666666666667,0.9333333333333333,899,0.9041046555092517,0.9710789766407119
seed-42,xnli_en,calibrated,3600,0.9333333333333333,1.0,612,0.9503410488241505,0.9869281045751634
seed-42,xnli_zh,calibrated,3600,0.0,0.06666666666666667,0,,
seed-42,xnli_zh,calibrated,3600,0.06666666666666667,0.13333333333333333,0,,
seed-42,xnli_zh,calibrated,3600,0.13333333333333333,0.2,0,,
seed-42,xnli_zh,calibrated,3600,0.2,0.26666666666666666,0,,
seed-42,xnli_zh,calibrated,3600,0.26666666666666666,0.3333333333333333,0,,
seed-42,xnli_zh,calibrated,3600,0.3333333333333333,0.4,104,0.38111421151650055,0.3269230769230769
seed-42,xnli_zh,calibrated,3600,0.4,0.4666666666666667,428,0.4383734260065217,0.48130841121495327
seed-42,xnli_zh,calibrated,3600,0.4666666666666667,0.5333333333333333,669,0.49902937692971894,0.5680119581464873
seed-42,xnli_zh,calibrated,3600,0.5333333333333333,0.6,606,0.567028161748418,0.6518151815181518
seed-42,xnli_zh,calibrated,3600,0.6,0.6666666666666666,615,0.6319278103053125,0.7447154471544716
seed-42,xnli_zh,calibrated,3600,0.6666666666666666,0.7333333333333333,564,0.6985057001655546,0.8209219858156028
seed-42,xnli_zh,calibrated,3600,0.7333333333333333,0.8,516,0.7655518225552874,0.8682170542635659
seed-42,xnli_zh,calibrated,3600,0.8,0.8666666666666667,543,0.8341300122185947,0.8950276243093923
seed-42,xnli_zh,calibrated,3600,0.8666666666666667,0.9333333333333333,784,0.9009960386936992,0.9464285714285714
seed-42,xnli_zh,calibrated,3600,0.9333333333333333,1.0,180,0.9430383010092157,0.9666666666666667
